url,nom,secteur_activite,adresse,code_postal,ville,pays,telephone,site_web
https://www.google.com/maps/place/Estalagem+Do+Vale/data=!4m10!3m9!1s0xc605b2d338eb54d:0x9507e4eb38d977c9!5m2!4m1!1i2!8m2!3d32.7909985!4d-17.0387612!16s%2Fg%2F1tjhyxkz!19sChIJTbWOMy1bYAwRyXfZOOvkB5U?authuser=0&hl=fr&rclk=1,Estalagem Do Vale,,"
Sitio das feiteiras de baixo, 9240-206 São Vicente, Portugal",,,France,"
+351 291 840 160",http://www.estalagemdovale.com/
https://www.google.com/maps/place/Eira+Do+Serrado/data=!4m10!3m9!1s0xc605e86d091c2bd:0xf77641f62896d76f!5m2!4m1!1i2!8m2!3d32.710275!4d-16.962928!16s%2Fg%2F1tfw48w7!19sChIJvcKR0IZeYAwRb9eWKPZBdvc?authuser=0&hl=fr&rclk=1,Eira Do Serrado,,"
Curral das Freiras, 9000-421 Funchal, Portugal",,,France,"
+351 291 710 060",http://www.eiradoserrado.com/
https://www.google.com/maps/place/Hotel+Jardim+Atlantico/data=!4m10!3m9!1s0xc60521362cbb635:0x8058f181891ec86a!5m2!4m1!1i2!8m2!3d32.7524163!4d-17.2165414!16s%2Fg%2F1tp30ms_!19sChIJNbbLYhNSYAwRasgeiYHxWIA?authuser=0&hl=fr&rclk=1,Hotel Jardim Atlantico,,"
Caminho Lombo da Rocha 1, 9370-612 Prazeres, Portugal",,,France,"
+351 291 820 220",https://www.hoteisfind.com/hotel-jardim-atlantico/
https://www.google.com/maps/place/Hotel+do+Campo/data=!4m10!3m9!1s0xc6059bcd42bd683:0xb539c76dbcb6c198!5m2!4m1!1i2!8m2!3d32.6769594!4d-17.0661346!16s%2Fg%2F1v5_bpbp!19sChIJg9Yr1LxZYAwRmMG2vG3HObU?authuser=0&hl=fr&rclk=1,Hotel do Campo,,"
Estrada Banda D'além nº 25, 9350-232 Ribeira Brava, Portugal",,,France,"
+351 291 950 270",http://www.hoteldocampo.com/
https://www.google.com/maps/place/Estalagem+da+Ponta+do+Sol/data=!4m10!3m9!1s0xc60579c21d5b8d3:0x4a8b6da1a0dcfb79!5m2!4m1!1i2!8m2!3d32.6797678!4d-17.1036102!16s%2Fg%2F11f6g3_qmb!19sChIJ07jVIZxXYAwRefvcoKFti0o?authuser=0&hl=fr&rclk=1,Estalagem da Ponta do Sol,,"
Caminho do Passo 6, 9360-529 Ponta do Sol, Portugal",,,France,"
+351 291 970 200",https://www.pontadosol.com/
https://www.google.com/maps/place/Calheta+Beach/data=!4m10!3m9!1s0xb47b17d90000001:0xd3e456552a43ea18!5m2!4m1!1i2!8m2!3d32.719136!4d-17.1734222!16s%2Fg%2F1trc6658!19sChIJAQAAkH2xRwsRGOpDKlVW5NM?authuser=0&hl=fr&rclk=1,Calheta Beach,,"
Av. D. Manuel I 3, 9370-133 Estreito da Calheta, Portugal",,,France,"
+351 291 820 300",https://www.savoysignature.com/calhetabeachhotel/en/?utm_source=google&utm_medium=googlemybusiness&utm_campaign=calheta
https://www.google.com/maps/place/Hotel+Atrio/data=!4m10!3m9!1s0xc6051891de59bf3:0x2b5083f909c285b6!5m2!4m1!1i2!8m2!3d32.7463889!4d-17.1897222!16s%2Fg%2F1v4k7r_r!19sChIJ85vlHYlRYAwRtoXCCfmDUCs?authuser=0&hl=fr&rclk=1,Hotel Atrio,,"
Caminho Dos Moinhos 218, 9370-247 Estreito da Calheta, Portugal",,,France,"
+351 291 820 400",http://www.atrio-madeira.com/
https://www.google.com/maps/place/Sociedade+dos+Engenhos+da+Calheta/data=!4m7!3m6!1s0xc605173d231e631:0x8fd91403e5c1cf0!8m2!3d32.7228696!4d-17.1773461!16s%2Fg%2F11c5swl_4w!19sChIJMeYx0nNRYAwR8BxcPkCR_Qg?authuser=0&hl=fr&rclk=1,Sociedade dos Engenhos da Calheta,Musée,"
Av. D. Manuel I 29, Calheta, Portugal",,,France,"
+351 291 822 118",https://facebook.com/sociedadedosengenhosdacalheta/
https://www.google.com/maps/place/Lagoa+do+Vento/data=!4m7!3m6!1s0xc6051e3499a2bdf:0xb105f78052c0463e!8m2!3d32.7599286!4d-17.1218849!16s%2Fg%2F11swk5wlq_!19sChIJ3yuaSeNRYAwRPkbAUoD3BbE?authuser=0&hl=fr&rclk=1,Lagoa do Vento,Circuit de randonnée,"
Estreito da Calheta, Portugal",,,France,,
https://www.google.com/maps/place/Calhau+Beach+Club/data=!4m7!3m6!1s0xc60513bc307f8b9:0x20a920c9df330922!8m2!3d32.7164843!4d-17.1687381!16s%2Fg%2F11hzyynd2h!19sChIJufgHwztRYAwRIgkz38kgqSA?authuser=0&hl=fr&rclk=1,Calhau Beach Club,Bar,"
Caminho Serra de Água 1, 9370-083 Arco da Calheta, Portugal",,,France,"
+351 291 820 800",https://www.savoysignature.com/saccharumhotel/pt/restaurant-bars/calhau-beach-club/
https://www.google.com/maps/place/Socalco+Nature+Hotel/data=!4m10!3m9!1s0xc605174546131cd:0x72a75e15ceb94aff!5m2!4m1!1i2!8m2!3d32.7229002!4d-17.1782506!16s%2Fg%2F11hf869fyn!19sChIJzTFhVHRRYAwR_0q5zhVep3I?authuser=0&hl=fr&rclk=1,Socalco Nature Hotel,,"
Caminho do Lombo do Salão Nº 13, 9370-174 Calheta, Portugal",,,France,"
+351 291 146 910",https://socalconature.com/
https://www.google.com/maps/place/Calheta+Glamping+Pods/data=!4m10!3m9!1s0xc6051e35c4a256b:0xcbb1c4d1fb91b061!5m2!4m1!1i2!8m2!3d32.7452823!4d-17.1852031!16s%2Fg%2F11fnv__f5_!19sChIJayVKXONRYAwRYbCR-9HEscs?authuser=0&hl=fr&rclk=1,Calheta Glamping Pods,,"
Caminho dos Serrões 193, 9370-240 Estreito da Calheta, Portugal",,,France,"
+351 968 452 016",http://calheta-glamping-pods-nature-retreat.com.es/
https://www.google.com/maps/place/Plage+de+Calheta/data=!4m7!3m6!1s0xc60510dd642ea67:0x1af8575b31249c87!8m2!3d32.7203488!4d-17.1783139!16s%2Fm%2F0ddc31v!19sChIJZ-pC1g1RYAwRh5wkMVtX-Bo?authuser=0&hl=fr&rclk=1,Plage de Calheta,Plage publique,"
Praia da, 9370-133 Estreito da Calheta, Portugal",,,France,"
+351 291 820 200",
https://www.google.com/maps/place/Porto+de+Recreio+da+Calheta/data=!4m7!3m6!1s0xc605112dca1d645:0xf8ecf7134dd6941!8m2!3d32.7186813!4d-17.1723403!16s%2Fg%2F11c6v3zcrh!19sChIJRdah3BJRYAwRQWndNHHPjg8?authuser=0&hl=fr&rclk=1,Porto de Recreio da Calheta,Port de plaisance,"
Calheta, Portugal",,,France,"
+351 291 823 425",http://portorecreiocalheta.pt/
https://www.google.com/maps/place/Natura+Corporis+Terapy+and+Massage/data=!4m7!3m6!1s0xc6051b20842c549:0x534776c5daaaa431!8m2!3d32.7255882!4d-17.1721195!16s%2Fg%2F11rzcwq11r!19sChIJScVCCLJRYAwRMaSq2sV2R1M?authuser=0&hl=fr&rclk=1,Natura Corporis Terapy and Massage,Massothérapeute,"
R. São João 29 fracção T Rés do chão, 9370-123 Calheta, Portugal",,,France,"
+351 926 162 562",
https://www.google.com/maps/place/Terapias+Relaxantes/data=!4m7!3m6!1s0xc605172184922ff:0x764fffb4fffbde4d!8m2!3d32.7205738!4d-17.1773928!16s%2Fg%2F11c30tj3g0!19sChIJ_yJJGHJRYAwRTd77_7T_T3Y?authuser=0&hl=fr&rclk=1,Terapias Relaxantes,Massothérapeute,"
Av. D. Manuel I, 9370-133 Calheta, Portugal",,,France,"
+351 963 316 667",http://www.terapiasrelaxantes.com/
https://www.google.com/maps/place/Thalasso+Sea+Spa+%7C+VidaMar+Hotels+%26+Resorts+%7C+Madeira/data=!4m7!3m6!1s0xc605f1176e1e90b:0x1c1c77b28197a8de!8m2!3d32.6373109!4d-16.9278841!16s%2Fg%2F11rd8g_w4q!19sChIJC-nhdhFfYAwR3qiXgbJ3HBw?authuser=0&hl=fr&rclk=1,Thalasso Sea Spa | VidaMar Hotels & Resorts | Madeira,Spa,"
Estrada Monumental 175, São Martinho, 9000-100 Funchal, Portugal",,,France,"
+351 291 717 700",https://madeira.vidamarresorts.com/pt/thalasso-sea-spa/
https://www.google.com/maps/place/Sala+Thai+massage+:+Calheta/data=!4m7!3m6!1s0xc60514f03cad2ef:0x1d924eaefd126b52!8m2!3d32.7169555!4d-17.1688822!16s%2Fg%2F11yz75xj5r!19sChIJ79LKA09RYAwRUmsS_a5Okh0?authuser=0&hl=fr&rclk=1,Sala Thai massage : Calheta,Salon de massage thaïlandais,"
Av. D. Manuel I 2, 9370-135 Calheta, Portugal",,,France,"
+351 960 311 087",http://letsrelaxthaimassage.com/
https://www.google.com/maps/place/Clinica+da+Estrela/data=!4m7!3m6!1s0xc6051be5243c12b:0x5be30043ee99291b!8m2!3d32.7305107!4d-17.1765441!16s%2Fg%2F11h1979q49!19sChIJK8FDUr5RYAwRGymZ7kMA41s?authuser=0&hl=fr&rclk=1,Clinica da Estrela,Salle de gym,"
Rua Padre Isaías de Freitas 9370-150, 9370-150 Calheta, Portugal",,,France,"
+351 291 822 835",https://www.facebook.com/pages/category/Physical-Therapist/Cl%C3%ADnica-da-Estrela-473888976150242/
https://www.google.com/maps/place/Olive+Nature+-+Hotel+%26+SPA/data=!4m10!3m9!1s0xd3b1b740704ab2f:0xe8c097e1b37abc22!5m2!4m1!1i2!8m2!3d41.59305!4d-7.303206!16s%2Fg%2F11hwfhh5wd!19sChIJL6sEB3QbOw0RIrx6s-GXwOg?authuser=0&hl=fr&rclk=1,Olive Nature - Hotel & SPA,,"
R. 1 do Bairro do Pomar, 5430-434 Valpaços, Portugal",,,France,"
+351 913 295 083",https://www.quintadonaadelaide.com/
